/*
SQLyog Enterprise v12.09 (64 bit)
MySQL - 5.5.62 : Database - 0328carrent
*********************************************************************
*/

/*!40101 SET NAMES utf8 */;

/*!40101 SET SQL_MODE=''*/;

/*!40014 SET @OLD_UNIQUE_CHECKS=@@UNIQUE_CHECKS, UNIQUE_CHECKS=0 */;
/*!40014 SET @OLD_FOREIGN_KEY_CHECKS=@@FOREIGN_KEY_CHECKS, FOREIGN_KEY_CHECKS=0 */;
/*!40101 SET @OLD_SQL_MODE=@@SQL_MODE, SQL_MODE='NO_AUTO_VALUE_ON_ZERO' */;
/*!40111 SET @OLD_SQL_NOTES=@@SQL_NOTES, SQL_NOTES=0 */;
CREATE DATABASE /*!32312 IF NOT EXISTS*/`0328carrent` /*!40100 DEFAULT CHARACTER SET utf8 */;

USE `0328carrent`;

/*Table structure for table `bus_car` */

DROP TABLE IF EXISTS `bus_car`;

CREATE TABLE `bus_car` (
  `carnumber` varchar(255) NOT NULL,
  `cartype` varchar(255) DEFAULT NULL,
  `color` varchar(255) DEFAULT NULL,
  `price` double(10,2) DEFAULT NULL,
  `rentprice` double(10,2) DEFAULT NULL,
  `deposit` double DEFAULT NULL,
  `isrenting` int(11) DEFAULT NULL,
  `description` varchar(255) DEFAULT NULL,
  `carimg` varchar(255) DEFAULT NULL,
  `createtime` datetime DEFAULT NULL,
  PRIMARY KEY (`carnumber`) USING BTREE
) ENGINE=InnoDB DEFAULT CHARSET=utf8 ROW_FORMAT=DYNAMIC;

/*Data for the table `bus_car` */

insert  into `bus_car`(`carnumber`,`cartype`,`color`,`price`,`rentprice`,`deposit`,`isrenting`,`description`,`carimg`,`createtime`) values ('粤A99999','宝马','白色',300000.00,500.00,2000,0,'性能强大','images/defaultcarimage.jpg','2020-06-14 13:48:22'),('鄂A66666','SUV','白色',280000.00,500.00,5000,0,'宝马X1','images/001.jpg','2019-05-07 14:52:15'),('鄂A77777','SUV','白色',350000.00,1500.00,12000,0,'宝马X3','2020-07-08/202007081003574287596.jpg','2019-05-07 14:52:15'),('鄂A88888','轿车','黑色',880000.00,1000.00,10000,0,'保时捷 卡宴','images/003.jpg','2019-05-07 14:52:15'),('鄂A99999','渣土车','黄',500000.00,3000.00,20000,1,'动力强劲','images/defaultcarimage.jpg','2019-06-10 14:50:12');

/*Table structure for table `bus_check` */

DROP TABLE IF EXISTS `bus_check`;

CREATE TABLE `bus_check` (
  `checkid` varchar(255) NOT NULL,
  `checkdate` datetime DEFAULT NULL,
  `checkdesc` varchar(255) DEFAULT NULL,
  `problem` varchar(255) DEFAULT NULL,
  `paymoney` double(255,0) DEFAULT NULL,
  `opername` varchar(255) DEFAULT NULL,
  `rentid` varchar(255) DEFAULT NULL,
  `createtime` datetime DEFAULT NULL,
  PRIMARY KEY (`checkid`) USING BTREE
) ENGINE=InnoDB DEFAULT CHARSET=utf8 ROW_FORMAT=DYNAMIC;

/*Data for the table `bus_check` */

insert  into `bus_check`(`checkid`,`checkdate`,`checkdesc`,`problem`,`paymoney`,`opername`,`rentid`,`createtime`) values ('JC_20180612_170407_0385_63960','2018-06-12 00:00:00','在G50高速超速','超速',500,'习大大','CZ_20180611_171304_0732_57330','2019-05-07 14:55:30'),('JC_20180612_172559_0323_71959','2018-06-13 00:00:00','无','无',0,'习大大','CZ_20180612_164747_0573_26177','2019-05-07 14:55:30'),('JC_20180718_091454_0191_93480','2018-07-18 00:00:00','无','无',0,'习大大','CZ_20180718_091206_0365_62161','2019-05-07 14:55:30'),('JC_20181024_170206_355_7589','2018-10-24 17:02:06','无','无',0,'超级管理员','CZ_20181024_102327_735_9111','2019-05-07 14:55:30'),('JC_20181201_105333_218_89516','2018-12-02 00:00:00','1231321','111122',200,'超级管理员','CZ_20180612_164808_0385_37625','2019-05-07 14:55:30'),('JC_20181201_111951_947_77152','2018-12-03 00:00:00','无','无',0,'超级管理员','CZ_20181201_111936_383_31565','2019-05-07 14:55:30'),('JC_2018_0901_175053_57325085','2018-09-01 00:00:00','在G50  1127-1130段超速20%未达50%','有违章未处理',500,'超级管理员','CZ_2018_0901_175000_97637709','2019-05-07 14:55:30'),('JC_20190322_142814_147_8624','2019-03-22 14:28:14','222','11',100,'超级管理员','CZ_20190320_141553_303_8141','2019-05-07 14:55:30'),('JC_20190611_111021_41215259','2019-06-11 11:10:21','没有1','无1',0,'超级管理员','CZ_20190611_094617_32192683','2019-06-11 11:10:32'),('JC_20190727_173816_738_26810','2019-07-27 17:38:16','无1','无1',1,'超级管理员','CZ_20190727_152634_863_83662','2019-07-27 17:38:24'),('JC_20200618_223759_624_99351','2020-06-18 22:37:59','无','无',0,'超级管理员','CZ_20200617_215747_233_93711','2020-06-18 22:38:12'),('JC_20200618_223902_030_53089','2020-06-18 22:39:02','有点问题','有点问题',50,'超级管理员','CZ_20200617_215747_233_93711','2020-06-18 22:39:27'),('JC_20200618_224136_297_59720','2020-06-18 22:41:36','太耗油了1','太耗油了1',201,'超级管理员','CZ_20200617_215747_233_93711','2020-06-18 22:41:56'),('JC_20200708_095516_692_94764','2020-07-08 09:55:16','非常好用','无',0,'管理员','CZ_20200627_182649_198_80212','2020-07-08 09:55:57');

/*Table structure for table `bus_customer` */

DROP TABLE IF EXISTS `bus_customer`;

CREATE TABLE `bus_customer` (
  `identity` varchar(255) NOT NULL COMMENT '身份证',
  `custname` varchar(255) DEFAULT NULL COMMENT '姓名',
  `sex` int(255) DEFAULT NULL COMMENT '性别',
  `address` varchar(255) DEFAULT NULL COMMENT '地址',
  `phone` varchar(255) DEFAULT NULL COMMENT '电话',
  `career` varchar(255) DEFAULT NULL COMMENT '职位',
  `createtime` datetime DEFAULT NULL,
  PRIMARY KEY (`identity`) USING BTREE
) ENGINE=InnoDB DEFAULT CHARSET=utf8 ROW_FORMAT=DYNAMIC;

/*Data for the table `bus_customer` */

insert  into `bus_customer`(`identity`,`custname`,`sex`,`address`,`phone`,`career`,`createtime`) values ('21312321','21321',1,'汉阳','3213213','213213213','2020-06-11 22:22:34'),('21312321321','12321',1,'汉阳','321321321','213213','2020-06-11 22:22:46'),('21321321','23323',1,'汉口','32322','323232','2020-06-11 22:22:54'),('321321321','213',1,'武昌','123123213','212131321321','2020-06-11 22:22:40'),('421087133414144412','张小明',1,'武昌','13456788987','程序员','2019-05-07 14:52:24'),('43131334113331131','习大大',1,'武昌','13888888888','国家最高领导人','2019-05-07 14:52:24'),('431321199291331131','张三',1,'武昌','13431334113','程序员','2019-05-07 14:52:24'),('431321199291331132','孙中山',1,'汉口','134131314131','总统','2019-05-07 14:52:24'),('431341134191311311','李四',0,'汉阳','13451313113','CEO','2019-05-07 14:52:24'),('431341134191311314','王小明',1,'汉口','13413131113','CEO','2019-05-07 14:52:24');

/*Table structure for table `bus_rent` */

DROP TABLE IF EXISTS `bus_rent`;

CREATE TABLE `bus_rent` (
  `rentid` varchar(255) NOT NULL,
  `price` double(10,2) DEFAULT NULL,
  `begindate` datetime DEFAULT NULL,
  `returndate` datetime DEFAULT NULL,
  `rentflag` int(11) DEFAULT NULL,
  `identity` varchar(255) DEFAULT NULL,
  `carnumber` varchar(255) DEFAULT NULL,
  `opername` varchar(255) DEFAULT NULL,
  `createtime` datetime DEFAULT NULL,
  PRIMARY KEY (`rentid`) USING BTREE
) ENGINE=InnoDB DEFAULT CHARSET=utf8 ROW_FORMAT=DYNAMIC;

/*Data for the table `bus_rent` */

insert  into `bus_rent`(`rentid`,`price`,`begindate`,`returndate`,`rentflag`,`identity`,`carnumber`,`opername`,`createtime`) values ('CZ_20180611_171304_0732_57330',1600.00,'2017-01-01 00:00:00','2017-06-18 00:00:00',1,'421087133414144412','鄂A77777','李四','2017-01-01 00:00:00'),('CZ_20180612_164747_0573_26177',500.00,'2018-01-13 00:00:00','2018-06-23 00:00:00',1,'431321199291331131','鄂A66666','李四','2018-01-13 00:00:00'),('CZ_20180612_164808_0385_37625',1000.00,'2018-03-13 00:00:00','2018-06-15 00:00:00',1,'421087133414144412','鄂A88888','王五','2018-03-13 00:00:00'),('CZ_20180718_091206_0365_62161',500.00,'2018-05-18 00:00:00','2018-07-21 00:00:00',1,'421087133414144412','鄂A66666','张三','2018-05-18 00:00:00'),('CZ_20181024_102327_735_9111',500.00,'2018-07-23 10:23:27','2018-10-31 10:23:29',1,'421087133414144412','鄂A66666','李四','2018-07-23 10:23:27'),('CZ_20181201_111936_383_31565',1500.00,'2018-09-01 00:00:00','2018-12-29 00:00:00',1,'43131334113331131','鄂A77777','王五','2018-09-01 00:00:00'),('CZ_2018_0901_175000_97637709',500.00,'2018-12-01 00:00:00','2018-09-10 00:00:00',1,'431321199291331131','鄂A66666','李四','2018-12-01 00:00:00'),('CZ_20190611_094617_32192683',500.00,'2019-06-11 09:46:17','2019-06-15 09:46:19',1,'43131334113331131','鄂A66666','超级管理员','2019-06-11 09:46:25'),('CZ_20190727_152634_863_83662',500.00,'2019-07-27 15:26:34','2019-07-31 00:00:00',1,'43131334113331131','鄂A66666','超级管理员','2019-07-27 15:26:40'),('CZ_20200617_215747_233_93711',500.00,'2020-06-17 21:57:47','2020-06-18 00:00:00',1,'43131334113331131','粤A99999','超级管理员','2020-06-17 21:57:54'),('CZ_20200627_182649_198_80212',500.00,'2020-06-27 18:26:49','2020-06-28 00:00:00',1,'43131334113331131','粤A99999','超级管理员','2020-06-27 18:26:58');

/*Table structure for table `sys_log_login` */

DROP TABLE IF EXISTS `sys_log_login`;

CREATE TABLE `sys_log_login` (
  `id` int(11) NOT NULL AUTO_INCREMENT,
  `loginname` varchar(255) DEFAULT NULL,
  `loginip` varchar(255) DEFAULT NULL,
  `logintime` datetime DEFAULT NULL,
  PRIMARY KEY (`id`) USING BTREE
) ENGINE=InnoDB AUTO_INCREMENT=824 DEFAULT CHARSET=utf8 ROW_FORMAT=DYNAMIC;

/*Data for the table `sys_log_login` */

insert  into `sys_log_login`(`id`,`loginname`,`loginip`,`logintime`) values (5,'超级管理员-admin1111','127.0.0.2','2019-06-10 10:18:31'),(6,'超级管理员-admin','127.0.0.1','2019-06-10 10:21:26'),(7,'超级管理员-admin','127.0.0.1','2019-06-10 10:22:20'),(8,'超级管理员-admin','127.0.0.1','2019-06-10 11:01:47'),(9,'超级管理员-admin','127.0.0.1','2019-06-10 11:12:34'),(10,'超级管理员-admin','127.0.0.1','2019-06-10 14:42:41'),(11,'超级管理员-admin','127.0.0.1','2019-06-10 14:53:57'),(12,'超级管理员-admin','127.0.0.1','2019-06-10 15:35:46'),(13,'超级管理员-admin','127.0.0.1','2019-06-10 15:35:51'),(14,'超级管理员-admin','127.0.0.1','2019-06-10 15:41:25'),(15,'超级管理员-admin','127.0.0.1','2019-06-10 16:15:34'),(16,'超级管理员-admin','127.0.0.1','2019-06-10 16:38:44'),(17,'超级管理员-admin','127.0.0.1','2019-06-10 16:53:20'),(18,'超级管理员-admin','127.0.0.1','2019-06-11 09:19:33'),(19,'超级管理员-admin','127.0.0.1','2019-06-11 09:41:54'),(20,'超级管理员-admin','127.0.0.1','2019-06-11 10:57:54'),(21,'超级管理员-admin','127.0.0.1','2019-06-11 11:07:57'),(22,'超级管理员-admin','127.0.0.1','2019-06-11 11:10:04'),(23,'超级管理员-admin','127.0.0.1','2019-06-11 11:30:00'),(24,'超级管理员-admin','127.0.0.1','2019-06-11 11:38:28'),(25,'超级管理员-admin','127.0.0.1','2019-06-11 14:22:43'),(26,'超级管理员-admin','127.0.0.1','2019-06-11 14:37:13'),(27,'超级管理员-admin','127.0.0.1','2019-06-11 14:45:35'),(28,'超级管理员-admin','127.0.0.1','2019-06-11 15:57:16'),(29,'超级管理员-admin','127.0.0.1','2019-06-11 16:42:55'),(30,'超级管理员-admin','127.0.0.1','2019-06-11 17:01:10'),(31,'超级管理员-admin','127.0.0.1','2019-06-12 09:35:50'),(32,'超级管理员-admin','127.0.0.1','2019-06-12 09:54:09'),(33,'超级管理员-admin','127.0.0.1','2019-06-12 09:59:20'),(34,'超级管理员-admin','127.0.0.1','2019-06-12 09:59:43'),(35,'超级管理员-admin','127.0.0.1','2019-06-12 10:00:13'),(36,'超级管理员-admin','127.0.0.1','2019-06-12 10:00:44'),(37,'超级管理员-admin','127.0.0.1','2019-06-12 10:02:29'),(38,'超级管理员-admin','127.0.0.1','2019-06-12 10:05:57'),(39,'超级管理员-admin','127.0.0.1','2019-06-12 10:16:26'),(40,'超级管理员-admin','127.0.0.1','2019-06-12 10:20:36'),(41,'超级管理员-admin','127.0.0.1','2019-06-12 10:24:14'),(42,'超级管理员-admin','127.0.0.1','2019-06-12 11:17:46'),(43,'超级管理员-admin','127.0.0.1','2019-06-12 11:32:29'),(44,'超级管理员-admin','127.0.0.1','2019-06-12 11:35:05'),(45,'超级管理员-admin','127.0.0.1','2019-06-12 11:51:48'),(46,'超级管理员-admin','127.0.0.1','2019-06-12 14:31:34'),(47,'超级管理员-admin','127.0.0.1','2019-06-12 15:01:15'),(48,'超级管理员-admin','127.0.0.1','2019-06-12 15:26:55'),(49,'超级管理员-admin','127.0.0.1','2019-06-12 15:31:17'),(50,'超级管理员-admin','127.0.0.1','2019-06-12 15:40:38'),(51,'超级管理员-admin','127.0.0.1','2019-06-12 15:40:52'),(52,'超级管理员-admin','127.0.0.1','2019-06-12 15:44:41'),(53,'超级管理员-admin','127.0.0.1','2019-06-12 15:44:50'),(54,'超级管理员-admin','127.0.0.1','2019-06-12 15:44:53'),(55,'超级管理员-admin','127.0.0.1','2019-06-12 15:45:59'),(56,'超级管理员-admin','127.0.0.1','2019-06-12 15:45:59'),(57,'超级管理员-admin','127.0.0.1','2019-06-12 15:47:29'),(58,'超级管理员-admin','127.0.0.1','2019-06-12 15:48:56'),(59,'超级管理员-admin','127.0.0.1','2019-06-14 09:10:49'),(60,'超级管理员-admin','127.0.0.1','2019-06-14 09:37:03'),(61,'超级管理员-admin','127.0.0.1','2019-06-14 09:38:45'),(62,'超级管理员-admin','127.0.0.1','2019-06-14 09:39:08'),(63,'超级管理员-admin','127.0.0.1','2019-06-14 09:41:16'),(64,'超级管理员-admin','127.0.0.1','2019-06-14 10:49:01'),(65,'超级管理员-admin','127.0.0.1','2019-06-14 10:56:58'),(66,'超级管理员-admin','127.0.0.1','2019-06-14 11:03:40'),(67,'超级管理员-admin','127.0.0.1','2019-06-14 11:06:35'),(68,'超级管理员-admin','127.0.0.1','2019-06-14 11:19:40'),(69,'超级管理员-admin','127.0.0.1','2019-06-14 11:21:08'),(70,'超级管理员-admin','127.0.0.1','2019-06-14 11:22:51'),(71,'超级管理员-admin','127.0.0.1','2019-06-14 11:23:07'),(72,'超级管理员-admin','127.0.0.1','2019-06-14 11:27:18'),(120,'习大大-xdd','127.0.0.1','2019-07-23 15:58:24'),(121,'习大大-xdd','127.0.0.1','2019-07-23 16:15:51'),(122,'习大大-xdd','127.0.0.1','2019-07-23 16:21:10'),(123,'习大大-xdd','127.0.0.1','2019-07-23 16:21:29'),(124,'习大大-xdd','127.0.0.1','2019-07-23 16:25:45'),(125,'习大大-xdd','127.0.0.1','2019-07-23 16:29:54'),(126,'习大大-xdd','127.0.0.1','2019-07-23 16:34:37'),(127,'习大大-xdd','127.0.0.1','2019-07-23 16:36:28'),(128,'习大大-xdd','127.0.0.1','2019-07-23 16:36:40'),(129,'习大大-xdd','127.0.0.1','2019-07-23 16:52:14'),(130,'习大大-xdd','127.0.0.1','2019-07-23 16:54:47'),(131,'习大大-xdd','127.0.0.1','2019-07-23 17:00:09'),(132,'习大大-xdd','127.0.0.1','2019-07-23 17:00:29'),(133,'超级管理员-admin','127.0.0.1','2019-07-24 09:03:14'),(134,'超级管理员-admin','127.0.0.1','2019-07-24 10:05:49'),(135,'超级管理员-admin','127.0.0.1','2019-07-24 10:08:04'),(136,'超级管理员-admin','127.0.0.1','2019-07-24 10:08:47'),(137,'超级管理员-admin','127.0.0.1','2019-07-24 11:44:27'),(138,'超级管理员-admin','127.0.0.1','2019-07-24 11:44:57'),(139,'超级管理员-admin','127.0.0.1','2019-07-24 11:45:42'),(140,'超级管理员-admin','127.0.0.1','2019-07-24 11:48:08'),(141,'超级管理员-admin','127.0.0.1','2019-07-24 11:49:07'),(142,'超级管理员-admin','127.0.0.1','2019-07-24 11:50:09'),(143,'超级管理员-admin','127.0.0.1','2019-07-24 11:50:19'),(144,'超级管理员-admin','127.0.0.1','2019-07-25 09:33:38'),(145,'超级管理员-admin','127.0.0.1','2019-07-25 09:33:52'),(146,'超级管理员-admin','127.0.0.1','2019-07-25 09:34:06'),(147,'超级管理员-admin','127.0.0.1','2019-07-25 09:54:03'),(148,'超级管理员-admin','127.0.0.1','2019-07-25 09:54:23'),(149,'超级管理员-admin','127.0.0.1','2019-07-25 10:11:30'),(150,'超级管理员-admin','127.0.0.1','2019-07-25 10:13:11'),(151,'超级管理员-admin','127.0.0.1','2019-07-25 10:28:31'),(152,'超级管理员-admin','127.0.0.1','2019-07-25 10:36:34'),(153,'超级管理员-admin','127.0.0.1','2019-07-25 10:42:21'),(154,'超级管理员-admin','127.0.0.1','2019-07-25 10:50:50'),(155,'超级管理员-admin','127.0.0.1','2019-07-25 10:53:32'),(156,'超级管理员-admin','127.0.0.1','2019-07-25 11:01:51'),(157,'超级管理员-admin','127.0.0.1','2019-07-25 11:37:32'),(158,'超级管理员-admin','127.0.0.1','2019-07-25 11:41:40'),(159,'超级管理员-admin','127.0.0.1','2019-07-25 14:06:26'),(160,'超级管理员-admin','127.0.0.1','2019-07-25 14:14:47'),(161,'超级管理员-admin','127.0.0.1','2019-07-25 14:21:50'),(162,'超级管理员-admin','127.0.0.1','2019-07-25 14:24:28'),(163,'超级管理员-admin','127.0.0.1','2019-07-27 09:09:17'),(164,'超级管理员-admin','127.0.0.1','2019-07-27 09:10:16'),(165,'超级管理员-admin','127.0.0.1','2019-07-27 09:10:43'),(166,'超级管理员-admin','127.0.0.1','2019-07-27 09:30:29'),(167,'超级管理员-admin','127.0.0.1','2019-07-27 09:30:55'),(168,'超级管理员-admin','127.0.0.1','2019-07-27 10:07:16'),(169,'超级管理员-admin','127.0.0.1','2019-07-27 10:20:13'),(170,'超级管理员-admin','127.0.0.1','2019-07-27 11:02:10'),(171,'超级管理员-admin','127.0.0.1','2019-07-27 11:20:13'),(172,'超级管理员-admin','127.0.0.1','2019-07-27 11:20:17'),(173,'超级管理员-admin','127.0.0.1','2019-07-27 11:20:53'),(174,'超级管理员-admin','127.0.0.1','2019-07-27 11:21:51'),(175,'超级管理员-admin','127.0.0.1','2019-07-27 11:57:34'),(176,'超级管理员-admin','127.0.0.1','2019-07-27 11:57:34'),(177,'超级管理员-admin','127.0.0.1','2019-07-27 11:57:55'),(178,'超级管理员-admin','127.0.0.1','2019-07-27 12:00:42'),(179,'超级管理员-admin','127.0.0.1','2019-07-27 12:15:17'),(180,'超级管理员-admin','127.0.0.1','2019-07-27 12:15:25'),(181,'超级管理员-admin','127.0.0.1','2019-07-27 15:06:34'),(182,'超级管理员-admin','127.0.0.1','2019-07-27 15:23:37'),(183,'超级管理员-admin','127.0.0.1','2019-07-27 15:24:02'),(184,'超级管理员-admin','127.0.0.1','2019-07-27 15:57:34'),(185,'超级管理员-admin','127.0.0.1','2019-07-27 15:58:10'),(186,'超级管理员-admin','127.0.0.1','2019-07-27 16:57:37'),(187,'超级管理员-admin','127.0.0.1','2019-07-27 16:57:56'),(188,'超级管理员-admin','127.0.0.1','2019-07-27 17:36:53'),(189,'超级管理员-admin','127.0.0.1','2019-07-27 17:52:43'),(190,'超级管理员-admin','127.0.0.1','2019-07-27 17:53:07'),(191,'超级管理员-admin','127.0.0.1','2019-07-27 17:54:45'),(192,'超级管理员-admin','127.0.0.1','2019-07-27 17:54:59'),(193,'超级管理员-admin','127.0.0.1','2019-07-27 18:03:40'),(194,'超级管理员-admin','127.0.0.1','2019-07-27 18:03:43'),(195,'超级管理员-admin','127.0.0.1','2019-07-27 18:04:12'),(196,'超级管理员-admin','127.0.0.1','2019-07-28 11:02:51'),(197,'超级管理员-admin','127.0.0.1','2019-07-28 12:08:57'),(198,'超级管理员-admin','127.0.0.1','2019-07-28 12:10:29'),(199,'超级管理员-admin','127.0.0.1','2019-07-28 12:11:00'),(200,'超级管理员-admin','127.0.0.1','2019-07-28 12:22:41'),(201,'超级管理员-admin','127.0.0.1','2019-07-28 15:36:26'),(202,'超级管理员-admin','127.0.0.1','2019-07-28 15:54:23'),(203,'超级管理员-admin','127.0.0.1','2019-07-28 15:54:42'),(204,'超级管理员-admin','127.0.0.1','2019-07-28 16:04:00'),(205,'超级管理员-admin','127.0.0.1','2019-07-28 16:05:22'),(206,'超级管理员-admin','127.0.0.1','2019-07-28 17:11:54'),(207,'超级管理员-admin','127.0.0.1','2019-07-28 17:11:54'),(208,'超级管理员-admin','127.0.0.1','2019-07-28 17:12:14'),(209,'超级管理员-admin','127.0.0.1','2019-07-28 17:14:41'),(210,'超级管理员-admin','127.0.0.1','2019-07-28 17:16:02'),(211,'超级管理员-admin','127.0.0.1','2019-07-28 17:16:16'),(212,'超级管理员-admin','127.0.0.1','2019-07-28 17:16:20'),(213,'超级管理员-admin','127.0.0.1','2019-07-28 17:17:35'),(214,'超级管理员-admin','127.0.0.1','2019-07-28 17:24:40'),(215,'超级管理员-admin','127.0.0.1','2019-07-28 17:33:56'),(216,'超级管理员-admin','127.0.0.1','2019-07-28 18:08:42'),(217,'超级管理员-admin','127.0.0.1','2019-07-29 11:09:19'),(218,'超级管理员-admin','127.0.0.1','2019-07-30 10:23:21'),(219,'超级管理员-admin','127.0.0.1','2019-07-30 10:27:41'),(220,'超级管理员-admin','127.0.0.1','2019-07-30 21:25:43'),(221,'超级管理员-admin','127.0.0.1','2019-08-01 15:02:28'),(225,'超级管理员-admin','0:0:0:0:0:0:0:1','2020-06-07 23:25:28'),(226,'超级管理员-admin','0:0:0:0:0:0:0:1','2020-06-07 23:26:06'),(227,'超级管理员-admin','0:0:0:0:0:0:0:1','2020-06-07 23:28:51'),(228,'超级管理员-admin','0:0:0:0:0:0:0:1','2020-06-08 22:21:36'),(229,'超级管理员-admin','0:0:0:0:0:0:0:1','2020-06-08 22:22:12'),(230,'超级管理员-admin','0:0:0:0:0:0:0:1','2020-06-08 22:24:00'),(231,'超级管理员-admin','0:0:0:0:0:0:0:1','2020-06-08 22:27:12'),(232,'超级管理员-admin','0:0:0:0:0:0:0:1','2020-06-08 22:37:25'),(233,'超级管理员-admin','0:0:0:0:0:0:0:1','2020-06-08 22:44:05'),(234,'超级管理员-admin','0:0:0:0:0:0:0:1','2020-06-08 22:44:22'),(235,'超级管理员-admin','0:0:0:0:0:0:0:1','2020-06-08 22:49:40'),(236,'超级管理员-admin','0:0:0:0:0:0:0:1','2020-06-08 22:55:10'),(237,'超级管理员-admin','0:0:0:0:0:0:0:1','2020-06-08 22:56:29'),(238,'超级管理员-admin','0:0:0:0:0:0:0:1','2020-06-08 22:56:50'),(239,'超级管理员-admin','0:0:0:0:0:0:0:1','2020-06-08 22:57:25'),(240,'超级管理员-admin','0:0:0:0:0:0:0:1','2020-06-08 22:58:27'),(241,'超级管理员-admin','0:0:0:0:0:0:0:1','2020-06-08 22:59:49'),(242,'超级管理员-admin','0:0:0:0:0:0:0:1','2020-06-08 23:00:45'),(243,'超级管理员-admin','0:0:0:0:0:0:0:1','2020-06-09 19:35:58'),(244,'超级管理员-admin','0:0:0:0:0:0:0:1','2020-06-09 19:36:31'),(245,'超级管理员-admin','0:0:0:0:0:0:0:1','2020-06-09 19:38:45'),(246,'超级管理员-admin','0:0:0:0:0:0:0:1','2020-06-09 19:41:59'),(247,'超级管理员-admin','0:0:0:0:0:0:0:1','2020-06-09 19:42:19'),(248,'超级管理员-admin','0:0:0:0:0:0:0:1','2020-06-09 19:47:08'),(249,'超级管理员-admin','0:0:0:0:0:0:0:1','2020-06-09 19:48:10'),(250,'超级管理员-admin','0:0:0:0:0:0:0:1','2020-06-09 19:48:25'),(251,'超级管理员-admin','0:0:0:0:0:0:0:1','2020-06-09 19:48:38'),(252,'超级管理员-admin','0:0:0:0:0:0:0:1','2020-06-09 19:49:48'),(253,'超级管理员-admin','0:0:0:0:0:0:0:1','2020-06-09 20:17:36'),(254,'超级管理员-admin','0:0:0:0:0:0:0:1','2020-06-09 20:18:13'),(255,'超级管理员-admin','0:0:0:0:0:0:0:1','2020-06-09 21:00:41'),(256,'超级管理员-admin','0:0:0:0:0:0:0:1','2020-06-09 21:03:22'),(257,'超级管理员-admin','0:0:0:0:0:0:0:1','2020-06-09 21:04:32'),(258,'超级管理员-admin','0:0:0:0:0:0:0:1','2020-06-09 21:04:46'),(259,'超级管理员-admin','0:0:0:0:0:0:0:1','2020-06-09 21:06:08'),(260,'超级管理员-admin','0:0:0:0:0:0:0:1','2020-06-09 21:06:43'),(261,'超级管理员-admin','0:0:0:0:0:0:0:1','2020-06-09 22:27:32'),(262,'超级管理员-admin','0:0:0:0:0:0:0:1','2020-06-10 21:36:01'),(263,'超级管理员-admin','0:0:0:0:0:0:0:1','2020-06-10 21:36:35'),(264,'超级管理员-admin','0:0:0:0:0:0:0:1','2020-06-11 21:28:27'),(265,'超级管理员-admin','0:0:0:0:0:0:0:1','2020-06-11 21:30:57'),(266,'超级管理员-admin','0:0:0:0:0:0:0:1','2020-06-11 21:31:51'),(267,'超级管理员-admin','0:0:0:0:0:0:0:1','2020-06-11 21:33:43'),(268,'超级管理员-admin','0:0:0:0:0:0:0:1','2020-06-11 21:34:08'),(269,'超级管理员-admin','0:0:0:0:0:0:0:1','2020-06-11 21:34:29'),(270,'超级管理员-admin','0:0:0:0:0:0:0:1','2020-06-11 22:22:24'),(271,'超级管理员-admin','0:0:0:0:0:0:0:1','2020-06-11 22:27:33'),(272,'超级管理员-admin','0:0:0:0:0:0:0:1','2020-06-11 22:30:26'),(273,'超级管理员-admin','0:0:0:0:0:0:0:1','2020-06-11 22:30:57'),(274,'超级管理员-admin','0:0:0:0:0:0:0:1','2020-06-11 22:31:51'),(275,'超级管理员-admin','0:0:0:0:0:0:0:1','2020-06-11 22:32:47'),(276,'超级管理员-admin','0:0:0:0:0:0:0:1','2020-06-12 23:19:32'),(277,'超级管理员-admin','0:0:0:0:0:0:0:1','2020-06-12 23:32:38'),(278,'超级管理员-admin','0:0:0:0:0:0:0:1','2020-06-12 23:33:02'),(279,'超级管理员-admin','0:0:0:0:0:0:0:1','2020-06-12 23:34:04'),(280,'超级管理员-admin','0:0:0:0:0:0:0:1','2020-06-13 11:15:46'),(281,'超级管理员-admin','0:0:0:0:0:0:0:1','2020-06-13 11:18:42'),(282,'超级管理员-admin','0:0:0:0:0:0:0:1','2020-06-13 11:19:16'),(283,'超级管理员-admin','0:0:0:0:0:0:0:1','2020-06-13 11:22:55'),(284,'超级管理员-admin','0:0:0:0:0:0:0:1','2020-06-13 11:32:26'),(285,'超级管理员-admin','0:0:0:0:0:0:0:1','2020-06-13 12:26:10'),(286,'超级管理员-admin','0:0:0:0:0:0:0:1','2020-06-13 12:27:19'),(287,'超级管理员-admin','0:0:0:0:0:0:0:1','2020-06-13 15:09:13'),(288,'超级管理员-admin','0:0:0:0:0:0:0:1','2020-06-13 15:11:46'),(289,'超级管理员-admin','0:0:0:0:0:0:0:1','2020-06-13 15:12:44'),(290,'超级管理员-admin','0:0:0:0:0:0:0:1','2020-06-13 15:13:03'),(291,'超级管理员-admin','0:0:0:0:0:0:0:1','2020-06-13 16:33:20'),(292,'超级管理员-admin','0:0:0:0:0:0:0:1','2020-06-13 16:49:59'),(293,'超级管理员-admin','0:0:0:0:0:0:0:1','2020-06-13 16:52:09'),(294,'超级管理员-admin','0:0:0:0:0:0:0:1','2020-06-13 16:54:44'),(295,'超级管理员-admin','0:0:0:0:0:0:0:1','2020-06-13 16:56:32'),(296,'超级管理员-admin','0:0:0:0:0:0:0:1','2020-06-13 16:58:07'),(297,'超级管理员-admin','0:0:0:0:0:0:0:1','2020-06-13 17:02:50'),(298,'超级管理员-admin','0:0:0:0:0:0:0:1','2020-06-13 17:22:14'),(299,'超级管理员-admin','0:0:0:0:0:0:0:1','2020-06-13 17:22:27'),(300,'超级管理员-admin','0:0:0:0:0:0:0:1','2020-06-14 10:50:06'),(301,'超级管理员-admin','0:0:0:0:0:0:0:1','2020-06-14 10:54:00'),(302,'超级管理员-admin','0:0:0:0:0:0:0:1','2020-06-14 10:55:18'),(303,'超级管理员-admin','0:0:0:0:0:0:0:1','2020-06-14 13:29:53'),(304,'超级管理员-admin','0:0:0:0:0:0:0:1','2020-06-14 13:32:29'),(305,'超级管理员-admin','0:0:0:0:0:0:0:1','2020-06-14 13:33:26'),(306,'超级管理员-admin','0:0:0:0:0:0:0:1','2020-06-14 13:36:14'),(307,'超级管理员-admin','0:0:0:0:0:0:0:1','2020-06-14 13:36:47'),(308,'超级管理员-admin','0:0:0:0:0:0:0:1','2020-06-14 13:36:59'),(309,'超级管理员-admin','0:0:0:0:0:0:0:1','2020-06-14 13:41:32'),(310,'超级管理员-admin','0:0:0:0:0:0:0:1','2020-06-14 13:45:36'),(311,'超级管理员-admin','0:0:0:0:0:0:0:1','2020-06-14 13:45:53'),(312,'超级管理员-admin','0:0:0:0:0:0:0:1','2020-06-14 13:46:12'),(313,'超级管理员-admin','0:0:0:0:0:0:0:1','2020-06-14 16:25:48'),(314,'超级管理员-admin','0:0:0:0:0:0:0:1','2020-06-14 16:26:19'),(315,'超级管理员-admin','0:0:0:0:0:0:0:1','2020-06-14 16:26:42'),(316,'超级管理员-admin','0:0:0:0:0:0:0:1','2020-06-14 16:27:18'),(317,'超级管理员-admin','0:0:0:0:0:0:0:1','2020-06-14 16:27:28'),(318,'超级管理员-admin','0:0:0:0:0:0:0:1','2020-06-14 16:28:14'),(319,'超级管理员-admin','0:0:0:0:0:0:0:1','2020-06-14 16:28:31'),(320,'超级管理员-admin','0:0:0:0:0:0:0:1','2020-06-14 16:30:10'),(321,'超级管理员-admin','0:0:0:0:0:0:0:1','2020-06-14 22:29:53'),(322,'超级管理员-admin','0:0:0:0:0:0:0:1','2020-06-14 22:30:45'),(323,'超级管理员-admin','0:0:0:0:0:0:0:1','2020-06-14 22:37:39'),(324,'超级管理员-admin','0:0:0:0:0:0:0:1','2020-06-14 22:39:13'),(325,'超级管理员-admin','0:0:0:0:0:0:0:1','2020-06-14 23:14:24'),(326,'超级管理员-admin','0:0:0:0:0:0:0:1','2020-06-15 20:19:01'),(327,'超级管理员-admin','0:0:0:0:0:0:0:1','2020-06-15 21:22:08'),(328,'超级管理员-admin','0:0:0:0:0:0:0:1','2020-06-15 21:23:55'),(329,'超级管理员-admin','0:0:0:0:0:0:0:1','2020-06-15 21:26:19'),(330,'超级管理员-admin','0:0:0:0:0:0:0:1','2020-06-15 21:27:16'),(331,'超级管理员-admin','0:0:0:0:0:0:0:1','2020-06-15 22:48:04'),(332,'超级管理员-admin','0:0:0:0:0:0:0:1','2020-06-15 23:01:34'),(333,'超级管理员-admin','0:0:0:0:0:0:0:1','2020-06-15 23:03:41'),(334,'超级管理员-admin','0:0:0:0:0:0:0:1','2020-06-15 23:22:14'),(335,'超级管理员-admin','0:0:0:0:0:0:0:1','2020-06-15 23:23:59'),(336,'超级管理员-admin','0:0:0:0:0:0:0:1','2020-06-15 23:33:48'),(337,'超级管理员-admin','0:0:0:0:0:0:0:1','2020-06-16 19:15:28'),(338,'超级管理员-admin','0:0:0:0:0:0:0:1','2020-06-16 19:18:07'),(339,'超级管理员-admin','0:0:0:0:0:0:0:1','2020-06-16 22:40:11'),(340,'超级管理员-admin','0:0:0:0:0:0:0:1','2020-06-16 22:40:54'),(341,'超级管理员-admin','0:0:0:0:0:0:0:1','2020-06-16 22:51:06'),(342,'超级管理员-admin','0:0:0:0:0:0:0:1','2020-06-16 22:51:27'),(343,'超级管理员-admin','0:0:0:0:0:0:0:1','2020-06-16 22:55:31'),(344,'超级管理员-admin','0:0:0:0:0:0:0:1','2020-06-16 22:56:05'),(345,'超级管理员-admin','0:0:0:0:0:0:0:1','2020-06-16 22:57:53'),(346,'超级管理员-admin','0:0:0:0:0:0:0:1','2020-06-16 23:02:04'),(347,'超级管理员-admin','0:0:0:0:0:0:0:1','2020-06-17 19:52:30'),(348,'超级管理员-admin','0:0:0:0:0:0:0:1','2020-06-17 19:52:50'),(349,'超级管理员-admin','0:0:0:0:0:0:0:1','2020-06-17 19:54:52'),(350,'超级管理员-admin','0:0:0:0:0:0:0:1','2020-06-17 19:55:07'),(351,'超级管理员-admin','0:0:0:0:0:0:0:1','2020-06-17 19:55:25'),(352,'超级管理员-admin','0:0:0:0:0:0:0:1','2020-06-17 19:55:49'),(353,'超级管理员-admin','0:0:0:0:0:0:0:1','2020-06-17 19:56:35'),(354,'超级管理员-admin','0:0:0:0:0:0:0:1','2020-06-17 20:00:42'),(355,'超级管理员-admin','0:0:0:0:0:0:0:1','2020-06-17 20:17:11'),(356,'超级管理员-admin','0:0:0:0:0:0:0:1','2020-06-17 21:52:49'),(357,'超级管理员-admin','0:0:0:0:0:0:0:1','2020-06-17 21:53:35'),(358,'超级管理员-admin','0:0:0:0:0:0:0:1','2020-06-17 21:57:11'),(359,'超级管理员-admin','0:0:0:0:0:0:0:1','2020-06-17 22:03:01'),(360,'超级管理员-admin','0:0:0:0:0:0:0:1','2020-06-17 22:05:38'),(361,'超级管理员-admin','0:0:0:0:0:0:0:1','2020-06-17 22:06:37'),(362,'超级管理员-admin','0:0:0:0:0:0:0:1','2020-06-17 22:06:47'),(363,'超级管理员-admin','0:0:0:0:0:0:0:1','2020-06-17 22:07:21'),(364,'超级管理员-admin','0:0:0:0:0:0:0:1','2020-06-17 22:08:53'),(365,'超级管理员-admin','0:0:0:0:0:0:0:1','2020-06-17 22:12:56'),(366,'超级管理员-admin','0:0:0:0:0:0:0:1','2020-06-17 22:17:44'),(367,'超级管理员-admin','0:0:0:0:0:0:0:1','2020-06-17 22:20:53'),(368,'超级管理员-admin','0:0:0:0:0:0:0:1','2020-06-17 22:22:43'),(369,'超级管理员-admin','0:0:0:0:0:0:0:1','2020-06-17 22:23:54'),(370,'超级管理员-admin','0:0:0:0:0:0:0:1','2020-06-17 22:25:47'),(371,'超级管理员-admin','0:0:0:0:0:0:0:1','2020-06-17 22:26:06'),(372,'超级管理员-admin','0:0:0:0:0:0:0:1','2020-06-17 22:27:33'),(373,'超级管理员-admin','0:0:0:0:0:0:0:1','2020-06-17 23:11:50'),(374,'超级管理员-admin','0:0:0:0:0:0:0:1','2020-06-17 23:12:45'),(375,'超级管理员-admin','0:0:0:0:0:0:0:1','2020-06-18 20:42:45'),(376,'超级管理员-admin','0:0:0:0:0:0:0:1','2020-06-18 21:38:53'),(377,'超级管理员-admin','0:0:0:0:0:0:0:1','2020-06-18 21:39:54'),(378,'超级管理员-admin','0:0:0:0:0:0:0:1','2020-06-18 21:43:38'),(379,'超级管理员-admin','0:0:0:0:0:0:0:1','2020-06-18 21:46:08'),(380,'超级管理员-admin','0:0:0:0:0:0:0:1','2020-06-18 22:02:04'),(381,'超级管理员-admin','0:0:0:0:0:0:0:1','2020-06-18 22:37:54'),(382,'超级管理员-admin','0:0:0:0:0:0:0:1','2020-06-18 22:41:31'),(383,'超级管理员-admin','0:0:0:0:0:0:0:1','2020-06-19 23:24:47'),(384,'超级管理员-admin','0:0:0:0:0:0:0:1','2020-06-19 23:25:36'),(385,'超级管理员-admin','0:0:0:0:0:0:0:1','2020-06-19 23:26:09'),(386,'超级管理员-admin','0:0:0:0:0:0:0:1','2020-06-20 09:07:23'),(387,'超级管理员-admin','0:0:0:0:0:0:0:1','2020-06-20 09:11:31'),(388,'超级管理员-admin','0:0:0:0:0:0:0:1','2020-06-20 09:34:28'),(389,'超级管理员-admin','0:0:0:0:0:0:0:1','2020-06-20 09:35:47'),(390,'超级管理员-admin','0:0:0:0:0:0:0:1','2020-06-20 09:41:12'),(391,'超级管理员-admin','0:0:0:0:0:0:0:1','2020-06-20 17:11:51'),(392,'超级管理员-admin','0:0:0:0:0:0:0:1','2020-06-20 17:12:24'),(393,'超级管理员-admin','0:0:0:0:0:0:0:1','2020-06-20 17:25:48'),(394,'超级管理员-admin','0:0:0:0:0:0:0:1','2020-06-20 17:27:53'),(395,'超级管理员-admin','0:0:0:0:0:0:0:1','2020-06-20 17:28:16'),(396,'超级管理员-admin','0:0:0:0:0:0:0:1','2020-06-20 17:30:49'),(397,'超级管理员-admin','0:0:0:0:0:0:0:1','2020-06-20 17:31:31'),(398,'超级管理员-admin','0:0:0:0:0:0:0:1','2020-06-20 17:31:37'),(399,'超级管理员-admin','0:0:0:0:0:0:0:1','2020-06-20 17:32:07'),(400,'超级管理员-admin','0:0:0:0:0:0:0:1','2020-06-20 17:33:38'),(401,'超级管理员-admin','0:0:0:0:0:0:0:1','2020-06-20 19:16:30'),(402,'超级管理员-admin','0:0:0:0:0:0:0:1','2020-06-21 10:20:37'),(403,'超级管理员-admin','0:0:0:0:0:0:0:1','2020-06-21 10:21:13'),(404,'超级管理员-admin','0:0:0:0:0:0:0:1','2020-06-21 10:22:05'),(405,'超级管理员-admin','0:0:0:0:0:0:0:1','2020-06-21 10:22:25'),(406,'超级管理员-admin','0:0:0:0:0:0:0:1','2020-06-21 10:22:54'),(407,'超级管理员-admin','0:0:0:0:0:0:0:1','2020-06-21 10:23:27'),(408,'超级管理员-admin','0:0:0:0:0:0:0:1','2020-06-21 10:24:05'),(409,'超级管理员-admin','0:0:0:0:0:0:0:1','2020-06-21 10:47:31'),(410,'超级管理员-admin','0:0:0:0:0:0:0:1','2020-06-21 10:48:04'),(411,'超级管理员-admin','0:0:0:0:0:0:0:1','2020-06-21 10:48:20'),(412,'超级管理员-admin','0:0:0:0:0:0:0:1','2020-06-21 10:48:30'),(413,'超级管理员-admin','0:0:0:0:0:0:0:1','2020-06-21 10:49:55'),(414,'超级管理员-admin','0:0:0:0:0:0:0:1','2020-06-21 10:50:14'),(415,'超级管理员-admin','0:0:0:0:0:0:0:1','2020-06-21 10:50:50'),(416,'超级管理员-admin','0:0:0:0:0:0:0:1','2020-06-21 10:51:03'),(417,'超级管理员-admin','0:0:0:0:0:0:0:1','2020-06-21 10:51:15'),(418,'超级管理员-admin','0:0:0:0:0:0:0:1','2020-06-21 10:55:24'),(419,'超级管理员-admin','0:0:0:0:0:0:0:1','2020-06-21 10:55:52'),(420,'超级管理员-admin','0:0:0:0:0:0:0:1','2020-06-21 10:56:06'),(421,'超级管理员-admin','0:0:0:0:0:0:0:1','2020-06-21 10:56:36'),(422,'超级管理员-admin','0:0:0:0:0:0:0:1','2020-06-21 10:57:17'),(423,'超级管理员-admin','0:0:0:0:0:0:0:1','2020-06-21 10:58:05'),(424,'超级管理员-admin','0:0:0:0:0:0:0:1','2020-06-21 11:08:57'),(425,'超级管理员-admin','0:0:0:0:0:0:0:1','2020-06-21 11:13:41'),(426,'超级管理员-admin','0:0:0:0:0:0:0:1','2020-06-21 11:14:50'),(427,'超级管理员-admin','0:0:0:0:0:0:0:1','2020-06-21 11:14:57'),(428,'超级管理员-admin','0:0:0:0:0:0:0:1','2020-06-21 11:15:18'),(429,'超级管理员-admin','0:0:0:0:0:0:0:1','2020-06-21 11:16:25'),(430,'超级管理员-admin','0:0:0:0:0:0:0:1','2020-06-21 11:16:49'),(431,'超级管理员-admin','0:0:0:0:0:0:0:1','2020-06-21 11:17:17'),(432,'超级管理员-admin','0:0:0:0:0:0:0:1','2020-06-21 11:18:27'),(433,'超级管理员-admin','0:0:0:0:0:0:0:1','2020-06-21 11:18:44'),(434,'超级管理员-admin','0:0:0:0:0:0:0:1','2020-06-21 11:21:39'),(435,'超级管理员-admin','0:0:0:0:0:0:0:1','2020-06-21 11:22:03'),(436,'超级管理员-admin','0:0:0:0:0:0:0:1','2020-06-21 11:22:39'),(437,'超级管理员-admin','0:0:0:0:0:0:0:1','2020-06-21 11:23:23'),(438,'超级管理员-admin','0:0:0:0:0:0:0:1','2020-06-21 11:24:02'),(439,'超级管理员-admin','0:0:0:0:0:0:0:1','2020-06-21 19:00:29'),(440,'超级管理员-admin','0:0:0:0:0:0:0:1','2020-06-21 19:30:49'),(441,'超级管理员-admin','0:0:0:0:0:0:0:1','2020-06-21 19:31:32'),(442,'超级管理员-admin','0:0:0:0:0:0:0:1','2020-06-21 19:31:42'),(443,'超级管理员-admin','0:0:0:0:0:0:0:1','2020-06-21 19:32:39'),(444,'超级管理员-admin','0:0:0:0:0:0:0:1','2020-06-21 19:33:51'),(445,'超级管理员-admin','0:0:0:0:0:0:0:1','2020-06-21 19:43:05'),(446,'超级管理员-admin','0:0:0:0:0:0:0:1','2020-06-21 19:43:22'),(447,'超级管理员-admin','0:0:0:0:0:0:0:1','2020-06-21 19:48:59'),(448,'超级管理员-admin','0:0:0:0:0:0:0:1','2020-06-21 22:17:33'),(449,'超级管理员-admin','0:0:0:0:0:0:0:1','2020-06-21 22:17:46'),(450,'超级管理员-admin','0:0:0:0:0:0:0:1','2020-06-21 22:18:03'),(451,'超级管理员-admin','0:0:0:0:0:0:0:1','2020-06-21 22:18:47'),(452,'超级管理员-admin','0:0:0:0:0:0:0:1','2020-06-23 19:42:58'),(453,'超级管理员-admin','0:0:0:0:0:0:0:1','2020-06-23 19:50:51'),(454,'超级管理员-admin','0:0:0:0:0:0:0:1','2020-06-23 19:58:48'),(455,'超级管理员-admin','0:0:0:0:0:0:0:1','2020-06-27 11:22:24'),(456,'超级管理员-admin','0:0:0:0:0:0:0:1','2020-06-27 11:25:37'),(457,'超级管理员-admin','0:0:0:0:0:0:0:1','2020-06-27 11:28:08'),(458,'超级管理员-admin','0:0:0:0:0:0:0:1','2020-06-27 11:29:25'),(459,'超级管理员-admin','0:0:0:0:0:0:0:1','2020-06-27 11:30:13'),(460,'超级管理员-admin','0:0:0:0:0:0:0:1','2020-06-27 11:30:37'),(461,'超级管理员-admin','0:0:0:0:0:0:0:1','2020-06-27 11:32:03'),(462,'超级管理员-admin','0:0:0:0:0:0:0:1','2020-06-27 12:30:34'),(463,'超级管理员-admin','0:0:0:0:0:0:0:1','2020-06-27 12:32:57'),(464,'超级管理员-admin','0:0:0:0:0:0:0:1','2020-06-27 12:33:55'),(465,'超级管理员-admin','0:0:0:0:0:0:0:1','2020-06-27 12:35:11'),(466,'超级管理员-admin','0:0:0:0:0:0:0:1','2020-06-27 12:35:28'),(467,'超级管理员-admin','0:0:0:0:0:0:0:1','2020-06-27 16:40:53'),(468,'超级管理员-admin','0:0:0:0:0:0:0:1','2020-06-27 16:52:22'),(469,'超级管理员-admin','0:0:0:0:0:0:0:1','2020-06-27 18:26:37'),(470,'超级管理员-admin','0:0:0:0:0:0:0:1','2020-06-27 19:42:32'),(471,'超级管理员-admin','0:0:0:0:0:0:0:1','2020-06-28 20:15:04'),(472,'超级管理员-admin','0:0:0:0:0:0:0:1','2020-06-29 21:58:33'),(473,'超级管理员-admin','0:0:0:0:0:0:0:1','2020-06-29 22:01:02'),(474,'超级管理员-admin','0:0:0:0:0:0:0:1','2020-06-29 22:20:37'),(475,'超级管理员-admin','0:0:0:0:0:0:0:1','2020-06-29 22:30:36'),(476,'超级管理员-admin','0:0:0:0:0:0:0:1','2020-06-29 22:32:36'),(477,'超级管理员-admin','0:0:0:0:0:0:0:1','2020-06-29 22:32:51'),(478,'超级管理员-admin','0:0:0:0:0:0:0:1','2020-06-29 22:32:54'),(479,'超级管理员-admin','0:0:0:0:0:0:0:1','2020-06-29 22:33:13'),(480,'超级管理员-admin','0:0:0:0:0:0:0:1','2020-06-29 22:33:49'),(481,'超级管理员-admin','0:0:0:0:0:0:0:1','2020-06-29 22:34:56'),(482,'超级管理员-admin','0:0:0:0:0:0:0:1','2020-06-29 22:35:02'),(483,'超级管理员-admin','0:0:0:0:0:0:0:1','2020-07-01 10:55:16'),(484,'超级管理员-admin','0:0:0:0:0:0:0:1','2020-07-01 11:52:03'),(485,'超级管理员-admin','0:0:0:0:0:0:0:1','2020-07-01 12:00:02'),(486,'超级管理员-admin','0:0:0:0:0:0:0:1','2020-07-01 14:42:51'),(487,'超级管理员-admin','0:0:0:0:0:0:0:1','2020-07-01 14:47:21'),(488,'超级管理员-admin','0:0:0:0:0:0:0:1','2020-07-01 14:54:54'),(489,'超级管理员-admin','0:0:0:0:0:0:0:1','2020-07-01 14:55:33'),(490,'超级管理员-admin','0:0:0:0:0:0:0:1','2020-07-01 14:56:45'),(491,'超级管理员-admin','0:0:0:0:0:0:0:1','2020-07-01 15:47:46'),(492,'超级管理员-admin','0:0:0:0:0:0:0:1','2020-07-01 15:54:59'),(493,'超级管理员-admin','0:0:0:0:0:0:0:1','2020-07-01 15:55:30'),(494,'超级管理员-admin','0:0:0:0:0:0:0:1','2020-07-01 15:56:15'),(495,'超级管理员-admin','0:0:0:0:0:0:0:1','2020-07-01 15:57:44'),(496,'超级管理员-admin','0:0:0:0:0:0:0:1','2020-07-01 16:00:20'),(497,'管理员-admin','0:0:0:0:0:0:0:1','2020-07-01 16:09:04'),(498,'管理员-admin','0:0:0:0:0:0:0:1','2020-07-01 16:13:00'),(499,'管理员-admin','0:0:0:0:0:0:0:1','2020-07-01 16:13:58'),(500,'管理员-admin','0:0:0:0:0:0:0:1','2020-07-01 16:16:13'),(501,'管理员-admin','0:0:0:0:0:0:0:1','2020-07-01 16:22:51'),(502,'管理员-admin','0:0:0:0:0:0:0:1','2020-07-01 16:28:42'),(503,'管理员-admin','0:0:0:0:0:0:0:1','2020-07-01 16:30:50'),(504,'管理员-admin','0:0:0:0:0:0:0:1','2020-07-01 16:40:22'),(505,'管理员-admin','0:0:0:0:0:0:0:1','2020-07-01 16:44:07'),(506,'管理员-admin','0:0:0:0:0:0:0:1','2020-07-01 16:45:15'),(507,'管理员-admin','0:0:0:0:0:0:0:1','2020-07-01 17:15:12'),(508,'管理员-admin','0:0:0:0:0:0:0:1','2020-07-01 17:16:46'),(509,'管理员-admin','0:0:0:0:0:0:0:1','2020-07-01 17:17:54'),(510,'黄雪博-hxb','0:0:0:0:0:0:0:1','2020-07-01 17:18:36'),(511,'管理员-admin','0:0:0:0:0:0:0:1','2020-07-01 17:25:31'),(512,'管理员-admin','0:0:0:0:0:0:0:1','2020-07-01 17:28:05'),(513,'管理员-admin','0:0:0:0:0:0:0:1','2020-07-01 17:28:26'),(514,'管理员-admin','0:0:0:0:0:0:0:1','2020-07-01 17:33:38'),(515,'管理员-admin','0:0:0:0:0:0:0:1','2020-07-02 09:00:48'),(516,'管理员-admin','0:0:0:0:0:0:0:1','2020-07-02 09:07:44'),(517,'管理员-admin','0:0:0:0:0:0:0:1','2020-07-02 09:09:47'),(518,'管理员-admin','0:0:0:0:0:0:0:1','2020-07-02 09:20:11'),(519,'管理员-admin','0:0:0:0:0:0:0:1','2020-07-02 13:40:58'),(520,'管理员-admin','0:0:0:0:0:0:0:1','2020-07-02 13:44:36'),(521,'管理员-admin','0:0:0:0:0:0:0:1','2020-07-02 13:53:51'),(522,'管理员-admin','0:0:0:0:0:0:0:1','2020-07-02 13:56:40'),(523,'管理员-admin','0:0:0:0:0:0:0:1','2020-07-02 13:58:57'),(524,'管理员-admin','0:0:0:0:0:0:0:1','2020-07-02 14:01:21'),(525,'管理员-admin','0:0:0:0:0:0:0:1','2020-07-02 14:03:35'),(526,'管理员-admin','0:0:0:0:0:0:0:1','2020-07-02 14:06:56'),(527,'管理员-admin','0:0:0:0:0:0:0:1','2020-07-02 14:10:46'),(528,'管理员-admin','0:0:0:0:0:0:0:1','2020-07-02 15:24:38'),(529,'管理员-admin','0:0:0:0:0:0:0:1','2020-07-02 15:29:29'),(530,'管理员-admin','0:0:0:0:0:0:0:1','2020-07-02 15:31:48'),(531,'管理员-admin','0:0:0:0:0:0:0:1','2020-07-02 16:10:04'),(532,'管理员-admin','0:0:0:0:0:0:0:1','2020-07-02 16:11:31'),(533,'管理员-admin','0:0:0:0:0:0:0:1','2020-07-02 16:13:08'),(534,'管理员-admin','0:0:0:0:0:0:0:1','2020-07-02 16:13:37'),(535,'管理员-admin','0:0:0:0:0:0:0:1','2020-07-02 16:14:06'),(536,'管理员-admin','0:0:0:0:0:0:0:1','2020-07-02 16:14:19'),(537,'管理员-admin','0:0:0:0:0:0:0:1','2020-07-02 16:24:36'),(538,'管理员-admin','0:0:0:0:0:0:0:1','2020-07-02 16:25:32'),(539,'管理员-admin','0:0:0:0:0:0:0:1','2020-07-02 16:57:27'),(540,'管理员-admin','0:0:0:0:0:0:0:1','2020-07-02 17:03:50'),(541,'管理员-admin','0:0:0:0:0:0:0:1','2020-07-02 17:05:13'),(542,'管理员-admin','0:0:0:0:0:0:0:1','2020-07-02 17:06:32'),(543,'管理员-admin','0:0:0:0:0:0:0:1','2020-07-02 17:07:20'),(544,'管理员-admin','0:0:0:0:0:0:0:1','2020-07-02 17:11:48'),(545,'管理员-admin','0:0:0:0:0:0:0:1','2020-07-02 17:12:33'),(546,'管理员-admin','0:0:0:0:0:0:0:1','2020-07-02 17:14:47'),(547,'管理员-admin','0:0:0:0:0:0:0:1','2020-07-02 17:15:42'),(548,'管理员-admin','0:0:0:0:0:0:0:1','2020-07-02 17:24:54'),(549,'管理员-admin','0:0:0:0:0:0:0:1','2020-07-02 17:25:13'),(550,'管理员-admin','0:0:0:0:0:0:0:1','2020-07-03 09:59:22'),(551,'管理员-admin','0:0:0:0:0:0:0:1','2020-07-03 10:27:42'),(552,'管理员-admin','0:0:0:0:0:0:0:1','2020-07-03 10:29:00'),(553,'管理员-admin','0:0:0:0:0:0:0:1','2020-07-03 10:29:02'),(554,'管理员-admin','0:0:0:0:0:0:0:1','2020-07-03 10:32:15'),(555,'管理员-admin','0:0:0:0:0:0:0:1','2020-07-03 10:38:37'),(556,'管理员-admin','0:0:0:0:0:0:0:1','2020-07-03 10:53:07'),(557,'管理员-admin','0:0:0:0:0:0:0:1','2020-07-03 11:01:53'),(558,'管理员-admin','0:0:0:0:0:0:0:1','2020-07-03 11:02:53'),(559,'管理员-admin','0:0:0:0:0:0:0:1','2020-07-03 11:03:15'),(560,'管理员-admin','0:0:0:0:0:0:0:1','2020-07-03 11:08:56'),(561,'管理员-admin','0:0:0:0:0:0:0:1','2020-07-03 12:00:31'),(562,'管理员-admin','0:0:0:0:0:0:0:1','2020-07-03 12:19:52'),(563,'管理员-admin','0:0:0:0:0:0:0:1','2020-07-03 13:58:40'),(564,'管理员-admin','0:0:0:0:0:0:0:1','2020-07-03 14:00:47'),(565,'管理员-admin','0:0:0:0:0:0:0:1','2020-07-03 14:43:58'),(566,'管理员-admin','0:0:0:0:0:0:0:1','2020-07-03 14:51:04'),(567,'管理员-admin','0:0:0:0:0:0:0:1','2020-07-03 15:04:22'),(568,'管理员-admin','0:0:0:0:0:0:0:1','2020-07-03 15:04:24'),(569,'管理员-admin','0:0:0:0:0:0:0:1','2020-07-03 15:11:02'),(570,'管理员-admin','0:0:0:0:0:0:0:1','2020-07-03 15:13:35'),(571,'管理员-admin','0:0:0:0:0:0:0:1','2020-07-03 15:18:41'),(572,'管理员-admin','0:0:0:0:0:0:0:1','2020-07-03 15:30:24'),(573,'管理员-admin','0:0:0:0:0:0:0:1','2020-07-03 15:37:12'),(574,'管理员-admin','0:0:0:0:0:0:0:1','2020-07-03 17:17:21'),(575,'管理员-admin','0:0:0:0:0:0:0:1','2020-07-06 13:58:27'),(576,'管理员-admin','0:0:0:0:0:0:0:1','2020-07-06 14:20:26'),(577,'管理员-admin','0:0:0:0:0:0:0:1','2020-07-06 14:36:25'),(578,'管理员-admin','0:0:0:0:0:0:0:1','2020-07-06 14:38:32'),(579,'管理员-admin','0:0:0:0:0:0:0:1','2020-07-06 14:39:27'),(580,'管理员-admin','0:0:0:0:0:0:0:1','2020-07-06 14:41:51'),(581,'管理员-admin','0:0:0:0:0:0:0:1','2020-07-06 14:43:53'),(582,'管理员-admin','0:0:0:0:0:0:0:1','2020-07-06 14:44:03'),(583,'管理员-admin','0:0:0:0:0:0:0:1','2020-07-06 15:12:46'),(584,'管理员-admin','0:0:0:0:0:0:0:1','2020-07-06 15:36:23'),(585,'管理员-admin','0:0:0:0:0:0:0:1','2020-07-06 15:48:13'),(586,'管理员-admin','0:0:0:0:0:0:0:1','2020-07-06 15:49:58'),(587,'管理员-admin','0:0:0:0:0:0:0:1','2020-07-06 15:52:27'),(588,'管理员-admin','0:0:0:0:0:0:0:1','2020-07-06 16:03:12'),(589,'管理员-admin','0:0:0:0:0:0:0:1','2020-07-06 16:06:15'),(590,'管理员-admin','0:0:0:0:0:0:0:1','2020-07-06 16:18:01'),(591,'管理员-admin','0:0:0:0:0:0:0:1','2020-07-06 16:21:47'),(592,'管理员-admin','0:0:0:0:0:0:0:1','2020-07-06 16:29:48'),(593,'管理员-admin','0:0:0:0:0:0:0:1','2020-07-06 16:31:40'),(594,'管理员-admin','0:0:0:0:0:0:0:1','2020-07-06 16:37:01'),(595,'管理员-admin','0:0:0:0:0:0:0:1','2020-07-06 16:44:24'),(596,'管理员-admin','0:0:0:0:0:0:0:1','2020-07-06 16:44:37'),(597,'管理员-admin','0:0:0:0:0:0:0:1','2020-07-06 16:46:44'),(598,'管理员-admin','0:0:0:0:0:0:0:1','2020-07-06 16:49:15'),(599,'管理员-admin','0:0:0:0:0:0:0:1','2020-07-06 16:50:32'),(600,'管理员-admin','0:0:0:0:0:0:0:1','2020-07-06 16:56:52'),(601,'管理员-admin','0:0:0:0:0:0:0:1','2020-07-06 17:01:19'),(602,'管理员-admin','0:0:0:0:0:0:0:1','2020-07-06 17:02:43'),(603,'管理员-admin','0:0:0:0:0:0:0:1','2020-07-06 17:02:50'),(604,'管理员-admin','0:0:0:0:0:0:0:1','2020-07-06 17:03:13'),(605,'管理员-admin','0:0:0:0:0:0:0:1','2020-07-06 17:10:53'),(606,'管理员-admin','0:0:0:0:0:0:0:1','2020-07-06 17:22:43'),(607,'管理员-admin','0:0:0:0:0:0:0:1','2020-07-06 17:29:20'),(608,'管理员-admin','0:0:0:0:0:0:0:1','2020-07-06 17:31:28'),(609,'管理员-admin','0:0:0:0:0:0:0:1','2020-07-07 09:06:06'),(610,'管理员-admin','0:0:0:0:0:0:0:1','2020-07-07 09:09:37'),(611,'管理员-admin','0:0:0:0:0:0:0:1','2020-07-07 09:12:58'),(612,'管理员-admin','0:0:0:0:0:0:0:1','2020-07-07 09:15:44'),(613,'管理员-admin','0:0:0:0:0:0:0:1','2020-07-07 09:16:56'),(614,'管理员-admin','0:0:0:0:0:0:0:1','2020-07-07 09:17:23'),(615,'管理员-admin','0:0:0:0:0:0:0:1','2020-07-07 09:20:25'),(616,'管理员-admin','0:0:0:0:0:0:0:1','2020-07-07 09:22:24'),(617,'管理员-admin','0:0:0:0:0:0:0:1','2020-07-07 09:24:28'),(618,'管理员-admin','0:0:0:0:0:0:0:1','2020-07-07 09:24:30'),(619,'管理员-admin','0:0:0:0:0:0:0:1','2020-07-07 09:25:17'),(620,'管理员-admin','0:0:0:0:0:0:0:1','2020-07-07 09:38:30'),(621,'管理员-admin','0:0:0:0:0:0:0:1','2020-07-07 09:39:22'),(622,'管理员-admin','0:0:0:0:0:0:0:1','2020-07-07 09:40:02'),(623,'管理员-admin','0:0:0:0:0:0:0:1','2020-07-07 09:40:24'),(624,'管理员-admin','0:0:0:0:0:0:0:1','2020-07-07 09:44:39'),(625,'管理员-admin','0:0:0:0:0:0:0:1','2020-07-07 09:45:10'),(626,'管理员-admin','0:0:0:0:0:0:0:1','2020-07-07 09:45:50'),(627,'管理员-admin','0:0:0:0:0:0:0:1','2020-07-07 09:47:53'),(628,'管理员-admin','0:0:0:0:0:0:0:1','2020-07-07 09:48:24'),(629,'管理员-admin','0:0:0:0:0:0:0:1','2020-07-07 09:48:49'),(630,'管理员-admin','0:0:0:0:0:0:0:1','2020-07-07 09:53:54'),(631,'管理员-admin','0:0:0:0:0:0:0:1','2020-07-07 10:02:28'),(632,'管理员-admin','0:0:0:0:0:0:0:1','2020-07-07 10:03:17'),(633,'管理员-admin','0:0:0:0:0:0:0:1','2020-07-07 10:03:39'),(634,'管理员-admin','0:0:0:0:0:0:0:1','2020-07-07 10:09:39'),(635,'管理员-admin','0:0:0:0:0:0:0:1','2020-07-07 10:33:52'),(636,'管理员-admin','0:0:0:0:0:0:0:1','2020-07-07 10:34:19'),(637,'管理员-admin','0:0:0:0:0:0:0:1','2020-07-07 10:34:20'),(638,'管理员-admin','0:0:0:0:0:0:0:1','2020-07-07 10:34:46'),(639,'管理员-admin','0:0:0:0:0:0:0:1','2020-07-07 10:45:33'),(640,'管理员-admin','0:0:0:0:0:0:0:1','2020-07-07 10:45:34'),(641,'管理员-admin','0:0:0:0:0:0:0:1','2020-07-07 10:50:00'),(642,'管理员-admin','0:0:0:0:0:0:0:1','2020-07-07 10:50:55'),(643,'管理员-admin','0:0:0:0:0:0:0:1','2020-07-07 10:51:54'),(644,'管理员-admin','0:0:0:0:0:0:0:1','2020-07-07 10:52:16'),(645,'管理员-admin','0:0:0:0:0:0:0:1','2020-07-07 10:55:38'),(646,'管理员-admin','0:0:0:0:0:0:0:1','2020-07-07 10:58:53'),(647,'管理员-admin','0:0:0:0:0:0:0:1','2020-07-07 10:59:20'),(648,'管理员-admin','0:0:0:0:0:0:0:1','2020-07-07 10:59:21'),(649,'王五-ww','0:0:0:0:0:0:0:1','2020-07-07 10:59:35'),(650,'王五-ww','0:0:0:0:0:0:0:1','2020-07-07 11:02:15'),(651,'王五-ww','0:0:0:0:0:0:0:1','2020-07-07 11:02:17'),(652,'王五-ww','0:0:0:0:0:0:0:1','2020-07-07 11:02:35'),(653,'管理员-admin','0:0:0:0:0:0:0:1','2020-07-07 11:07:20'),(654,'管理员-admin','0:0:0:0:0:0:0:1','2020-07-07 11:08:29'),(655,'管理员-admin','0:0:0:0:0:0:0:1','2020-07-07 11:08:30'),(656,'管理员-admin','0:0:0:0:0:0:0:1','2020-07-07 11:08:31'),(657,'管理员-admin','0:0:0:0:0:0:0:1','2020-07-07 11:08:31'),(658,'管理员-admin','0:0:0:0:0:0:0:1','2020-07-07 11:09:45'),(659,'管理员-admin','0:0:0:0:0:0:0:1','2020-07-07 11:13:31'),(660,'管理员-admin','0:0:0:0:0:0:0:1','2020-07-07 11:14:06'),(661,'管理员-admin','0:0:0:0:0:0:0:1','2020-07-07 11:16:40'),(662,'管理员-admin','0:0:0:0:0:0:0:1','2020-07-07 11:17:03'),(663,'管理员-admin','0:0:0:0:0:0:0:1','2020-07-07 11:48:59'),(664,'管理员-admin','0:0:0:0:0:0:0:1','2020-07-07 11:56:08'),(665,'管理员-admin','0:0:0:0:0:0:0:1','2020-07-07 12:01:00'),(666,'管理员-admin','0:0:0:0:0:0:0:1','2020-07-07 12:21:43'),(667,'管理员-admin','0:0:0:0:0:0:0:1','2020-07-07 12:21:56'),(668,'管理员-admin','0:0:0:0:0:0:0:1','2020-07-07 13:06:45'),(669,'管理员-admin','0:0:0:0:0:0:0:1','2020-07-07 13:06:49'),(670,'管理员-admin','0:0:0:0:0:0:0:1','2020-07-07 13:09:44'),(671,'管理员-admin','0:0:0:0:0:0:0:1','2020-07-07 13:09:49'),(672,'管理员-admin','0:0:0:0:0:0:0:1','2020-07-07 13:09:49'),(673,'管理员-admin','0:0:0:0:0:0:0:1','2020-07-07 13:09:51'),(674,'管理员-admin','0:0:0:0:0:0:0:1','2020-07-07 13:09:52'),(675,'管理员-admin','0:0:0:0:0:0:0:1','2020-07-07 13:09:53'),(676,'管理员-admin','0:0:0:0:0:0:0:1','2020-07-07 13:09:54'),(677,'管理员-admin','0:0:0:0:0:0:0:1','2020-07-07 13:09:55'),(678,'管理员-admin','0:0:0:0:0:0:0:1','2020-07-07 13:09:55'),(679,'管理员-admin','0:0:0:0:0:0:0:1','2020-07-07 13:09:56'),(680,'管理员-admin','0:0:0:0:0:0:0:1','2020-07-07 13:09:57'),(681,'管理员-admin','0:0:0:0:0:0:0:1','2020-07-07 13:09:58'),(682,'管理员-admin','0:0:0:0:0:0:0:1','2020-07-07 13:10:03'),(683,'管理员-admin','0:0:0:0:0:0:0:1','2020-07-07 13:10:15'),(684,'管理员-admin','0:0:0:0:0:0:0:1','2020-07-07 13:12:08'),(685,'管理员-admin','0:0:0:0:0:0:0:1','2020-07-07 13:12:09'),(686,'管理员-admin','0:0:0:0:0:0:0:1','2020-07-07 13:12:09'),(687,'管理员-admin','0:0:0:0:0:0:0:1','2020-07-07 13:12:10'),(688,'管理员-admin','0:0:0:0:0:0:0:1','2020-07-07 13:12:10'),(689,'管理员-admin','0:0:0:0:0:0:0:1','2020-07-07 13:12:11'),(690,'管理员-admin','0:0:0:0:0:0:0:1','2020-07-07 13:12:17'),(691,'管理员-admin','0:0:0:0:0:0:0:1','2020-07-07 13:14:44'),(692,'管理员-admin','0:0:0:0:0:0:0:1','2020-07-07 13:14:46'),(693,'管理员-admin','0:0:0:0:0:0:0:1','2020-07-07 13:18:51'),(694,'管理员-admin','0:0:0:0:0:0:0:1','2020-07-07 13:25:23'),(695,'管理员-admin','0:0:0:0:0:0:0:1','2020-07-07 13:27:37'),(696,'管理员-admin','0:0:0:0:0:0:0:1','2020-07-07 13:28:15'),(697,'管理员-admin','0:0:0:0:0:0:0:1','2020-07-07 13:28:37'),(698,'管理员-admin','0:0:0:0:0:0:0:1','2020-07-07 13:31:03'),(699,'管理员-admin','0:0:0:0:0:0:0:1','2020-07-07 13:31:06'),(700,'管理员-admin','0:0:0:0:0:0:0:1','2020-07-07 13:31:08'),(701,'管理员-admin','0:0:0:0:0:0:0:1','2020-07-07 13:31:10'),(702,'管理员-admin','0:0:0:0:0:0:0:1','2020-07-07 13:31:11'),(703,'管理员-admin','0:0:0:0:0:0:0:1','2020-07-07 13:31:12'),(704,'管理员-admin','0:0:0:0:0:0:0:1','2020-07-07 13:32:16'),(705,'管理员-admin','0:0:0:0:0:0:0:1','2020-07-07 13:35:24'),(706,'管理员-admin','0:0:0:0:0:0:0:1','2020-07-07 13:35:32'),(707,'管理员-admin','0:0:0:0:0:0:0:1','2020-07-07 13:35:33'),(708,'管理员-admin','0:0:0:0:0:0:0:1','2020-07-07 13:35:47'),(709,'管理员-admin','0:0:0:0:0:0:0:1','2020-07-07 13:35:53'),(710,'管理员-admin','0:0:0:0:0:0:0:1','2020-07-07 13:38:49'),(711,'管理员-admin','0:0:0:0:0:0:0:1','2020-07-07 13:39:32'),(712,'管理员-admin','0:0:0:0:0:0:0:1','2020-07-07 14:47:13'),(713,'管理员-admin','0:0:0:0:0:0:0:1','2020-07-07 14:48:08'),(714,'管理员-admin','0:0:0:0:0:0:0:1','2020-07-07 14:49:01'),(715,'管理员-admin','0:0:0:0:0:0:0:1','2020-07-07 14:50:32'),(716,'管理员-admin','0:0:0:0:0:0:0:1','2020-07-07 14:51:03'),(717,'管理员-admin','0:0:0:0:0:0:0:1','2020-07-07 14:51:10'),(718,'管理员-admin','0:0:0:0:0:0:0:1','2020-07-07 14:51:12'),(719,'管理员-admin','0:0:0:0:0:0:0:1','2020-07-07 14:51:15'),(720,'管理员-admin','0:0:0:0:0:0:0:1','2020-07-07 14:51:17'),(721,'管理员-admin','0:0:0:0:0:0:0:1','2020-07-07 14:51:18'),(722,'管理员-admin','0:0:0:0:0:0:0:1','2020-07-07 14:51:20'),(723,'管理员-admin','0:0:0:0:0:0:0:1','2020-07-07 14:56:56'),(724,'管理员-admin','0:0:0:0:0:0:0:1','2020-07-07 14:59:41'),(725,'管理员-admin','0:0:0:0:0:0:0:1','2020-07-07 14:59:41'),(726,'管理员-admin','0:0:0:0:0:0:0:1','2020-07-07 14:59:43'),(727,'管理员-admin','0:0:0:0:0:0:0:1','2020-07-07 14:59:44'),(728,'管理员-admin','0:0:0:0:0:0:0:1','2020-07-07 17:23:43'),(729,'管理员-admin','0:0:0:0:0:0:0:1','2020-07-07 17:25:11'),(730,'管理员-admin','0:0:0:0:0:0:0:1','2020-07-07 17:25:16'),(731,'管理员-admin','0:0:0:0:0:0:0:1','2020-07-08 09:06:13'),(732,'管理员-admin','0:0:0:0:0:0:0:1','2020-07-08 09:06:36'),(733,'管理员-admin','0:0:0:0:0:0:0:1','2020-07-08 09:08:15'),(734,'管理员-admin','0:0:0:0:0:0:0:1','2020-07-08 09:08:18'),(735,'管理员-admin','0:0:0:0:0:0:0:1','2020-07-08 09:10:01'),(736,'管理员-admin','0:0:0:0:0:0:0:1','2020-07-08 09:10:38'),(737,'管理员-admin','0:0:0:0:0:0:0:1','2020-07-08 09:11:00'),(738,'管理员-admin','0:0:0:0:0:0:0:1','2020-07-08 09:12:06'),(739,'管理员-admin','0:0:0:0:0:0:0:1','2020-07-08 09:12:08'),(740,'管理员-admin','0:0:0:0:0:0:0:1','2020-07-08 09:12:09'),(741,'管理员-admin','0:0:0:0:0:0:0:1','2020-07-08 09:12:45'),(742,'管理员-admin','0:0:0:0:0:0:0:1','2020-07-08 09:15:34'),(743,'管理员-admin','0:0:0:0:0:0:0:1','2020-07-08 09:16:45'),(744,'管理员-admin','0:0:0:0:0:0:0:1','2020-07-08 09:17:40'),(745,'管理员-admin','0:0:0:0:0:0:0:1','2020-07-08 09:17:42'),(746,'管理员-admin','0:0:0:0:0:0:0:1','2020-07-08 09:17:43'),(747,'管理员-admin','0:0:0:0:0:0:0:1','2020-07-08 09:17:46'),(748,'管理员-admin','0:0:0:0:0:0:0:1','2020-07-08 09:18:21'),(749,'管理员-admin','0:0:0:0:0:0:0:1','2020-07-08 09:18:38'),(750,'管理员-admin','0:0:0:0:0:0:0:1','2020-07-08 09:18:41'),(751,'管理员-admin','0:0:0:0:0:0:0:1','2020-07-08 09:21:38'),(752,'管理员-admin','0:0:0:0:0:0:0:1','2020-07-08 09:24:09'),(753,'管理员-admin','0:0:0:0:0:0:0:1','2020-07-08 09:25:03'),(754,'管理员-admin','0:0:0:0:0:0:0:1','2020-07-08 09:26:51'),(755,'管理员-admin','0:0:0:0:0:0:0:1','2020-07-08 09:28:06'),(756,'管理员-admin','0:0:0:0:0:0:0:1','2020-07-08 09:34:42'),(757,'管理员-admin','0:0:0:0:0:0:0:1','2020-07-08 09:41:47'),(758,'管理员-admin','0:0:0:0:0:0:0:1','2020-07-08 09:42:00'),(759,'管理员-admin','0:0:0:0:0:0:0:1','2020-07-08 09:53:44'),(760,'管理员-admin','0:0:0:0:0:0:0:1','2020-07-08 09:53:56'),(761,'管理员-admin','0:0:0:0:0:0:0:1','2020-07-08 09:54:05'),(762,'管理员-admin','0:0:0:0:0:0:0:1','2020-07-08 09:54:09'),(763,'管理员-admin','0:0:0:0:0:0:0:1','2020-07-08 09:54:10'),(764,'管理员-admin','0:0:0:0:0:0:0:1','2020-07-08 09:54:14'),(765,'管理员-admin','0:0:0:0:0:0:0:1','2020-07-08 09:54:31'),(766,'管理员-admin','0:0:0:0:0:0:0:1','2020-07-08 09:54:43'),(767,'管理员-admin','0:0:0:0:0:0:0:1','2020-07-08 10:03:34'),(768,'管理员-admin','0:0:0:0:0:0:0:1','2020-07-08 10:05:12'),(769,'管理员-admin','0:0:0:0:0:0:0:1','2020-07-08 10:08:34'),(770,'管理员-admin','0:0:0:0:0:0:0:1','2020-07-08 10:13:07'),(771,'管理员-admin','0:0:0:0:0:0:0:1','2020-07-08 10:14:29'),(772,'管理员-admin','0:0:0:0:0:0:0:1','2020-07-08 10:17:00'),(773,'管理员-admin','0:0:0:0:0:0:0:1','2020-07-08 10:30:48'),(774,'管理员-admin','0:0:0:0:0:0:0:1','2020-07-08 10:31:25'),(775,'管理员-admin','0:0:0:0:0:0:0:1','2020-07-08 10:36:08'),(776,'管理员-admin','0:0:0:0:0:0:0:1','2020-07-08 10:37:20'),(777,'管理员-admin','0:0:0:0:0:0:0:1','2020-07-08 10:38:03'),(778,'管理员-admin','0:0:0:0:0:0:0:1','2020-07-08 10:38:26'),(779,'管理员-admin','0:0:0:0:0:0:0:1','2020-07-08 10:47:57'),(780,'管理员-admin','0:0:0:0:0:0:0:1','2020-07-08 10:47:59'),(781,'管理员-admin','0:0:0:0:0:0:0:1','2020-07-08 10:48:02'),(782,'管理员-admin','0:0:0:0:0:0:0:1','2020-07-08 10:48:03'),(783,'管理员-admin','0:0:0:0:0:0:0:1','2020-07-08 10:48:03'),(784,'管理员-admin','0:0:0:0:0:0:0:1','2020-07-08 10:48:37'),(785,'管理员-admin','0:0:0:0:0:0:0:1','2020-07-08 10:48:38'),(786,'管理员-admin','0:0:0:0:0:0:0:1','2020-07-08 10:48:40'),(787,'管理员-admin','0:0:0:0:0:0:0:1','2020-07-08 11:09:48'),(788,'管理员-admin','0:0:0:0:0:0:0:1','2020-07-08 11:10:12'),(789,'管理员-admin','0:0:0:0:0:0:0:1','2020-07-08 11:12:40'),(790,'管理员-admin','0:0:0:0:0:0:0:1','2020-07-08 11:13:36'),(791,'管理员-admin','0:0:0:0:0:0:0:1','2020-07-08 11:25:27'),(792,'管理员-admin','0:0:0:0:0:0:0:1','2020-07-08 11:26:02'),(793,'管理员-admin','0:0:0:0:0:0:0:1','2020-07-08 11:28:25'),(794,'管理员-admin','0:0:0:0:0:0:0:1','2020-07-08 11:30:12'),(795,'管理员-admin','0:0:0:0:0:0:0:1','2020-07-08 11:30:49'),(796,'管理员-admin','0:0:0:0:0:0:0:1','2020-07-08 11:31:52'),(797,'管理员-admin','0:0:0:0:0:0:0:1','2020-07-08 11:32:12'),(798,'管理员-admin','0:0:0:0:0:0:0:1','2020-07-08 11:37:49'),(799,'管理员-admin','0:0:0:0:0:0:0:1','2020-07-08 11:56:34'),(800,'管理员-admin','0:0:0:0:0:0:0:1','2020-07-08 11:56:56'),(801,'管理员-admin','0:0:0:0:0:0:0:1','2020-07-08 12:00:02'),(802,'管理员-admin','0:0:0:0:0:0:0:1','2020-07-08 12:03:24'),(803,'黄雪博-hxb','0:0:0:0:0:0:0:1','2020-07-08 12:05:25'),(804,'黄雪博-hxb','0:0:0:0:0:0:0:1','2020-07-08 12:06:54'),(805,'黄雪博-hxb','0:0:0:0:0:0:0:1','2020-07-08 12:07:20'),(806,'黄雪博-hxb','0:0:0:0:0:0:0:1','2020-07-08 12:07:43'),(807,'管理员-admin','0:0:0:0:0:0:0:1','2020-07-08 12:09:55'),(808,'黄雪博-hxb','0:0:0:0:0:0:0:1','2020-07-08 12:10:05'),(809,'黄雪博-hxb','0:0:0:0:0:0:0:1','2020-07-08 12:16:05'),(810,'黄雪博-hxb','0:0:0:0:0:0:0:1','2020-07-08 12:21:05'),(811,'黄雪博-hxb','0:0:0:0:0:0:0:1','2020-07-08 12:23:55'),(812,'黄雪博-hxb','0:0:0:0:0:0:0:1','2020-07-08 12:25:52'),(813,'黄雪博-hxb','0:0:0:0:0:0:0:1','2020-07-08 13:03:41'),(814,'黄雪博-hxb','0:0:0:0:0:0:0:1','2020-07-08 13:05:13'),(815,'黄雪博-hxb','0:0:0:0:0:0:0:1','2020-07-08 13:07:14'),(816,'黄雪博-hxb','0:0:0:0:0:0:0:1','2020-07-08 13:07:30'),(817,'黄雪博-hxb','0:0:0:0:0:0:0:1','2020-07-08 13:12:13'),(818,'管理员-admin','0:0:0:0:0:0:0:1','2020-07-08 13:14:57'),(819,'管理员-admin','0:0:0:0:0:0:0:1','2020-07-08 13:15:09'),(820,'管理员-admin','0:0:0:0:0:0:0:1','2020-07-08 13:25:33'),(821,'管理员-admin','0:0:0:0:0:0:0:1','2020-07-08 13:31:32'),(822,'管理员-admin','0:0:0:0:0:0:0:1','2020-07-08 15:39:50'),(823,'管理员-admin','0:0:0:0:0:0:0:1','2020-07-08 15:40:21');

/*Table structure for table `sys_menu` */

DROP TABLE IF EXISTS `sys_menu`;

CREATE TABLE `sys_menu` (
  `id` int(11) NOT NULL AUTO_INCREMENT,
  `pid` int(11) DEFAULT NULL,
  `title` varchar(255) DEFAULT NULL,
  `href` varchar(255) DEFAULT NULL,
  `spread` int(255) DEFAULT NULL COMMENT '0不展开1展开',
  `target` varchar(255) DEFAULT NULL,
  `icon` varchar(255) DEFAULT NULL,
  `available` int(255) DEFAULT NULL COMMENT '0不可用1可用',
  PRIMARY KEY (`id`) USING BTREE
) ENGINE=InnoDB AUTO_INCREMENT=21 DEFAULT CHARSET=utf8 ROW_FORMAT=DYNAMIC;

/*Data for the table `sys_menu` */

insert  into `sys_menu`(`id`,`pid`,`title`,`href`,`spread`,`target`,`icon`,`available`) values (1,0,'汽车出租系统',NULL,1,'3','&#xe68e;',1),(2,1,'基础管理','',1,'','&#xe653;',1),(3,1,'业务管理','',0,'','&#xe663;',1),(4,1,'系统管理','',0,'','&#xe716;',1),(5,1,'统计分析',NULL,0,NULL,'&#xe629;',1),(6,2,'客户管理','../bus/toCustomerManager.action',0,'','&#xe770;',1),(7,2,'车辆管理','../bus/toCarManager.action',0,'','&#xe657;',1),(8,3,'汽车出租','../bus/toRentCarManager.action',0,'','&#xe65b;',1),(9,3,'出租单管理','../bus/toRentManager.action',0,'','&#xe6b2;',1),(10,3,'汽车入库','../bus/toCheckCarManager.action',0,'','&#xe65a;',1),(11,3,'检查单管理','../bus/toCheckManager.action',0,'','&#xe705;',1),(12,4,'菜单管理','../sys/toMenuManager.action',0,NULL,'&#xe60f;',1),(13,4,'角色管理','../sys/toRoleManager.action',0,'','&#xe66f;',1),(14,4,'用户管理','../sys/toUserManager.action',0,'','&#xe770;',1),(15,4,'日志管理','../sys/toLogInfoManager.action',0,'','&#xe655;',1),(16,4,'公告管理','../sys/toNewsManager.action',0,'','&#xe645;',1),(17,4,'数据源监控','../druid/',0,'','&#xe857;',1),(18,5,'客户地区统计','../stat/toCustomerAreaStat.action',0,'','&#xe63c;',1),(19,5,'公司年度月份销售额','../stat/toCompanyYearGradeStat.action',0,'','&#xe62c;',1),(20,5,'业务员年度销售额','../stat/toOpernameYearGradeStat.action',0,'','&#xe62d;',1);

/*Table structure for table `sys_news` */

DROP TABLE IF EXISTS `sys_news`;

CREATE TABLE `sys_news` (
  `id` int(11) NOT NULL AUTO_INCREMENT,
  `title` varchar(255) DEFAULT NULL,
  `content` varchar(4000) DEFAULT NULL,
  `createtime` datetime DEFAULT NULL,
  `opername` varchar(255) DEFAULT NULL,
  PRIMARY KEY (`id`) USING BTREE
) ENGINE=InnoDB AUTO_INCREMENT=28 DEFAULT CHARSET=utf8 ROW_FORMAT=DYNAMIC;

/*Data for the table `sys_news` */

insert  into `sys_news`(`id`,`title`,`content`,`createtime`,`opername`) values (5,'关于系统V1.0发布公告','<p>关于系统V1.5升级公告关于系统V1.5升级公告关于系统V1.5升级公告关于系统V1.5升级公告关于系统V1.5升级公告			</p>','2018-06-14 18:05:22','习大大'),(6,'关于系统V1.3升级公告','<p>12312312312312312312</p>','2019-03-19 14:10:11','超级管理员'),(7,'关于系统V1.4升级公告','<p>312312312</p>','2019-06-11 11:30:15','超级管理员'),(12,'关于系统V1.5升级公告1','<p>关于系统V1.5升级公告</p>','2019-07-23 16:30:18','习大大'),(16,'关于车牌号A11111未正常入库相关人员的处理意见','<p>关于车牌号A11111未正常入库相关人员的处理意见关于车牌号A11111未正常入库相关人员的处理意见关于车牌号A11111未正常入库相关人员的处理意见</p>','2019-07-27 11:21:49','超级管理员'),(25,'213213','d2312321','2020-06-09 19:44:26','超级管理员'),(27,'123','<img src=\"http://localhost:8080/bjsxt/resources/layui/images/face/8.gif\" alt=\"[挤眼]\">123<img src=\"http://localhost:8080/bjsxt/resources/layui/images/face/8.gif\" alt=\"[挤眼]\">','2020-06-09 19:47:26','超级管理员');

/*Table structure for table `sys_role` */

DROP TABLE IF EXISTS `sys_role`;

CREATE TABLE `sys_role` (
  `roleid` int(11) NOT NULL AUTO_INCREMENT,
  `rolename` varchar(255) DEFAULT NULL,
  `roledesc` varchar(255) DEFAULT NULL,
  `available` int(11) DEFAULT NULL,
  PRIMARY KEY (`roleid`) USING BTREE
) ENGINE=InnoDB AUTO_INCREMENT=5 DEFAULT CHARSET=utf8 ROW_FORMAT=DYNAMIC;

/*Data for the table `sys_role` */

insert  into `sys_role`(`roleid`,`rolename`,`roledesc`,`available`) values (1,'超级管理员','拥有所有菜单权限',1),(2,'业务管理员','拥有所有业务菜单',1),(3,'系统管理员','管理系统',1),(4,'数据统计管理员','数据统计管理员',1);

/*Table structure for table `sys_role_menu` */

DROP TABLE IF EXISTS `sys_role_menu`;

CREATE TABLE `sys_role_menu` (
  `rid` int(11) NOT NULL,
  `mid` int(11) NOT NULL,
  PRIMARY KEY (`rid`,`mid`) USING BTREE
) ENGINE=InnoDB DEFAULT CHARSET=utf8 ROW_FORMAT=DYNAMIC;

/*Data for the table `sys_role_menu` */

insert  into `sys_role_menu`(`rid`,`mid`) values (1,1),(1,2),(1,3),(1,4),(1,5),(1,6),(1,7),(1,8),(1,9),(1,10),(1,11),(1,12),(1,13),(1,14),(1,15),(1,16),(1,17),(1,18),(1,19),(1,20),(2,1),(2,2),(2,3),(2,4),(2,6),(2,7),(2,8),(2,9),(2,10),(2,11),(2,17),(3,1),(3,4),(3,12),(3,13),(3,14),(3,15),(3,16),(3,17),(4,1),(4,5),(4,18),(4,19),(4,20);

/*Table structure for table `sys_role_user` */

DROP TABLE IF EXISTS `sys_role_user`;

CREATE TABLE `sys_role_user` (
  `uid` int(11) NOT NULL,
  `rid` int(11) NOT NULL,
  PRIMARY KEY (`uid`,`rid`) USING BTREE
) ENGINE=InnoDB DEFAULT CHARSET=utf8 ROW_FORMAT=DYNAMIC;

/*Data for the table `sys_role_user` */

insert  into `sys_role_user`(`uid`,`rid`) values (1,1),(3,2),(3,4),(4,2),(4,3),(5,3),(6,4),(7,3),(7,4),(8,3),(8,4);

/*Table structure for table `sys_user` */

DROP TABLE IF EXISTS `sys_user`;

CREATE TABLE `sys_user` (
  `userid` int(11) NOT NULL AUTO_INCREMENT,
  `loginname` varchar(255) DEFAULT NULL,
  `identity` varchar(255) DEFAULT NULL,
  `realname` varchar(255) DEFAULT NULL,
  `sex` int(255) DEFAULT NULL COMMENT '0女1男',
  `address` varchar(255) DEFAULT NULL,
  `phone` varchar(255) DEFAULT NULL,
  `pwd` varchar(255) DEFAULT NULL,
  `position` varchar(255) DEFAULT NULL,
  `type` int(255) DEFAULT '2' COMMENT '1，超级管理员,2，系统用户',
  `available` int(255) DEFAULT NULL,
  `birthtime` date DEFAULT NULL,
  `headimg` varchar(255) DEFAULT NULL,
  PRIMARY KEY (`userid`) USING BTREE
) ENGINE=InnoDB AUTO_INCREMENT=9 DEFAULT CHARSET=utf8 ROW_FORMAT=DYNAMIC;

/*Data for the table `sys_user` */

insert  into `sys_user`(`userid`,`loginname`,`identity`,`realname`,`sex`,`address`,`phone`,`pwd`,`position`,`type`,`available`,`birthtime`,`headimg`) values (1,'admin','4313341334413','管理员',0,'武汉','13650642541','e10adc3949ba59abbe56e057f20f883e','CEO',1,1,'2020-07-21','2020-07-08/TX202007081315056672356.jpg'),(3,'zhangsan','3413334134131131','张三',1,'武汉','134131313111','e10adc3949ba59abbe56e057f20f883e','BA',2,1,NULL,''),(4,'ls','43311341311314341','李四',1,'武汉','1341314113131','e10adc3949ba59abbe56e057f20f883e','扫地的',2,1,NULL,NULL),(5,'ww','4313133131331312','王五',1,'武汉','13413131131','e10adc3949ba59abbe56e057f20f883e','领导',2,1,NULL,NULL),(6,'xm','45113141331131131','小明',0,'武昌','13451333131','e10adc3949ba59abbe56e057f20f883e','扫地地',2,1,NULL,NULL),(7,'xdd','41113113331133','习大大',1,'北京','13511333113','000000000000','主席',2,1,NULL,NULL),(8,'hxb','421412412412412','黄雪博',0,'广州','13650642541','e10adc3949ba59abbe56e057f20f883e','IT',2,1,'2020-07-08','2020-07-08/TX202007081307264868989.jpg');

/*!40101 SET SQL_MODE=@OLD_SQL_MODE */;
/*!40014 SET FOREIGN_KEY_CHECKS=@OLD_FOREIGN_KEY_CHECKS */;
/*!40014 SET UNIQUE_CHECKS=@OLD_UNIQUE_CHECKS */;
/*!40111 SET SQL_NOTES=@OLD_SQL_NOTES */;
